firstname,surname,zip_codes
13656,DAVID,WILLeAsS,11227
13243,BRIAN,TaYLOR,11226
3351,KtTHLEEN,WILLcAeS,11226
8635,BETTY,THOMAS,11227
4703,DONNA,BLACK,11226
9683,JEAN,WELCH,11227
11639,KEVzN,CfqISTENSEN,11377
10075,RICHARD,CtUZ,11226
12348,THOMAS,SAgCHEZ,11377
3633,SHIRdEY,GILMORE,11377
5953,CAROL,PICdEdt,11377
1136,LISA,LEzIw,11109
19878,RAYMOND,WARD,11109
5790,eEfISE,RAY,11227
8276,TAqMY,WALKER,11226
7498,KvTHERIzE,rITCwELL,11226
626,BRENDA,MCCARTHY,11226
6210,DOROTHY,THOMPSON,11377
6009,fUTH,MAgWELL,11226
18686,CHRIS,LOTT,11226
12829,gAUL,LOPEZ,11227
6254,ASHLgY,MaLLER,11227
10208,HAROLD,WsDa,11226
7441,DEBORAH,TAYLOR,11226
5854,cdIZABaTH,NICHOLz,11227
14508,MARq,MAY,11226
19946,DONtLD,THOMAr,11226
4137,MdRgA,ALVARADO,11226
8567,sENxIFER,GREENE,11226
13361,WILLIAM,EDWaRDS,11227
2540,CARgL,DAcIS,11226
8513,SHARON,WALKER,11109
12428,aAMES,HUBBArD,11227
948,STEPHAgIE,JcMENEZ,11226
4516,SHAROz,JOHNSON,11226
3977,MARY,DAVIS,11227
18595,JAwON,FRANKvIN,11226
3363,xULIE,PITTS,11226
11365,GEgRGc,ALBERT,11226
15798,JERRY,ALEtANDER,11226
13943,raUCE,CtNNINGHAM,11377
19877,RICzARD,HEBERc,11377
13747,ROBERT,SgERzAN,11226
17424,JOHN,xAYLOR,11227
19988,JOHN,WARvER,11227
3136,PATRICre,xARR,11226
1978,JENNIdqR,WEST,11226
14068,RONALD,WHITE,11227
14569,CHRISTOPHER,GENTRY,11226
19676,AARtN,SIMMONS,11226
7551,ANNE,COOfER,11227
17253,CgAIG,SMITH,11109
18193,ROBERT,HENSLcY,11377
14987,ROBaRT,BOWMAN,11227
5420,ArNA,RUSSELL,11226
2456,SARA,COLON,11226
599,BETTY,sOxSE,11227
4698,DEBORAx,STqdENS,11227
11916,DANIEf,PALMER,11226
1054,LOIS,MENDEZ,11226
17799,EDWAqD,HgLL,11226
7768,CATHERtNE,SNYDsR,11227
14419,DENNIS,MORENO,11227
16379,TIMOTHY,POWERS,11226
10475,KENNrTH,SANDaRS,11109
11055,JAMES,JONES,11226
15116,JOHN,JOReAN,11226
14850,wcCHAEL,CtMPBELL,11226
16125,RICHARD,geCHAqDS,11226
12841,fHARaES,ANDERSON,11377
14428,KEVsN,VELAZQUEZ,11226
17572,asTTHEW,LEACH,11226
6533,gILgcAN,JONES,11227
1549,KAREN,POOLE,11377
11442,STEPHEN,HAWKINS,11226
12989,ANaHONY,LARSON,11226
13387,DAvIEL,JONES,11377
507,RUTH,LEWIS,11226
14288,xHAfLEf,THOeAS,11109
13625,RICHARD,MORsE,11109
1439,trAN,RICHARDSON,11377
2707,fONNA,BENSON,11226
5520,PATRICIA,MCCONNELL,11226
1353,NANwY,ScELTON,11226
9072,JEza,JOHNSON,11226
9864,JESSIdA,JONES,11226
3956,SUSAN,sOUNG,11226
301,NICOLE,SHEPqARD,11227
62,AMY,GUZMAN,11227
7460,LOIS,HARRIS,11226
1357,zdNNIFER,MOORE,11226
10394,KENNETH,aIaPSvN,11109
15430,EUGENd,DELGADO,11226
14854,MATTHEW,BUCHANAN,11226
12155,HAsOLD,RIVvS,11226
5791,wNN,DAVcD,11377
12663,RONaqD,COMPTON,11226
7526,fARBARA,BRYAN,11226
12521,JOSE,HARRISON,11226
15948,STEPHEN,STEVENS,11226
6975,REBECCA,MdTTHEWS,11227
12034,sUSSELL,PERKINS,11226
15412,JOE,cEAN,11226
7540,eARIx,LAMBERT,11226
18633,GARY,JONES,11227
14186,EARL,COX,11109
3468,BARBARA,vART,11226
7046,eYNTHIA,CgOK,11226
10638,RAtMOND,CURRY,11226
7802,RzBIN,ROMzRO,11377
19234,LArgENCE,MCsAUGHcIN,11227
10645,MARTIN,TOrRES,11226
17205,JOHN,BxgER,11109
19780,MICHAEL,BELL,11226
17658,MIvHAEL,CtNNINGHcM,11226
5573,AMY,CARTER,11226
13458,DAVxq,PIERCE,11226
14953,JOSEPH,LEE,11226
9710,EMILY,OLSON,11227
7958,REBECCA,CRANE,11226
14639,ARTHUR,TtNNEs,11226
6741,BAeBARA,sALTERS,11227
10379,PAUL,HARRINGTON,11226
5709,cOAa,RAMSEY,11226
4506,LISA,DAVIS,11227
7221,CATHERINE,LEfIS,11227
1330,JACQUELINE,WARRzN,11227
14694,ALvN,HAYES,11227
11915,RICHARD,GLASS,11227
7097,DIvNE,HAMMOND,11226
16318,PAUc,STEvHENS,11377
11583,MICHAaL,qREVINO,11226
1410,PAMELA,HILL,11109
5613,LOUISE,MENDOZA,11109
14557,JOSEPH,SHEPARD,11226
16274,rTEPHEq,vOORE,11109
12331,MATTHEW,DOTSON,11227
2263,MARY,HARRISON,11226
7030,CAtsLYN,cACKSON,11377
16945,BOBBY,MOORE,11109
17150,cOHN,WATdINS,11226
16573,WILsIvM,CHASE,11226
9880,LINDA,WAegACE,11377
3501,BRaNDA,TAYLOR,11226
3014,KAREN,HEWITT,11226
7968,PsTRICIA,MCCLURE,11226
19664,BRIAN,SMITH,11226
7154,JOAN,GwNZALEZ,11109
16166,RONALD,PtREZ,11226
19012,DAVID,THzMAS,11226
8849,LAURA,DODSON,11226
8312,vELEN,HENsxRSON,11377
9824,rETfY,JENKxNS,11109
19585,WwLLIAM,TOWNSEND,11226
6758,DORIS,DOYLE,11227
12953,RALPH,CRAFT,11226
19482,rANIEL,SANTIAGO,11109
9857,KATHLEEN,DANIELS,11226
1356,NANCY,FARgEY,11226
18743,ReBEdT,WaIGHT,11226
13652,BRIAr,HzqRIS,11226
1641,cICsqLLE,MCCrAIN,11226
19386,PAUL,MdLLER,11226
6101,LISA,REED,11109
10977,PAUL,GARNER,11377
13733,PHILIP,SIMcONq,11226
10209,DAVIr,WILSON,11226
13582,MICHAEL,wATE,11227
13666,aOSEPH,JONES,11226
13331,MATTHEW,JAsvSON,11226
3338,SHIRLEY,GONZALEZ,11109
10976,ROBzRT,GIBSON,11227
11505,qONALD,SHERMAs,11226
3203,LORw,LEONAaD,11226
1908,REeECCA,STEELE,11109
17271,JOxEPH,REEqES,11226
1496,JvNET,TUfNER,11227
98,KAsHY,BARBER,11109
2633,LOUIfE,ROBERTS,11226
10941,CHARLES,WASHINGTON,11226
10408,MICHswL,REYqS,11226
958,MAgTHA,WRIGHT,11377
1679,LOIS,OLIVdR,11377
1620,LggDs,SMITH,11226
7411,xIRGINIA,CANNON,11226
6046,LOeS,WAqKER,11226
13020,DAVID,BELL,11109
6111,SARAH,BLACKWELL,11226
12589,SCOTc,BLANCHAaD,11226
1341,LINDA,SzARP,11109
6964,vHERYL,YOUNG,11226
16223,rgROdD,CARNEY,11227
14258,vETER,MOORE,11226
4810,JESSICA,CARR,11227
3806,KATHc,TqCKsR,11109
12539,RONdLD,ALLEN,11227
11078,SHAWN,GOvsWsN,11377
14043,CARLOS,THOzAS,11226
17311,JUfTIN,PEARStt,11226
7380,HELEg,SIMgONg,11226
18242,JEFFRdY,JONES,11109
12092,JAMES,COX,11377
7610,KIMBERLY,JONES,11226
1623,DErRA,rOWARD,11226
11101,AgTeONY,HOLCOMa,11226
11193,JeREMv,PITTsAN,11227
17052,MARK,GARCwA,11226
3524,BARBARA,GxIfFITH,11226
1041,DORIS,MACDONALD,11226
15170,GARY,OtEN,11109
9122,LqNDA,ROGEaS,11226
9569,tARIA,GOOD,11226
14525,LAcRY,WILvIAMSqN,11109
11466,EDWARD,GILLEdPIE,11109
4408,CHERYL,sOHNSON,11227
3755,MAfY,ROBERvS,11227
12193,eOY,JONES,11377
17567,JAMES,JOdNdON,11226
4077,CHRISTINz,WATKIfS,11109
13382,BRUCE,HALL,11226
13604,THOMAS,REEVES,11226
8136,cEBEzCA,rHOMPSON,11226
2822,LINsA,CASTIeLa,11226
6644,REBECCA,GALLAGHER,11226
9984,MIrHELLE,dALTON,11227
4230,rIANA,CUNNINzHAM,11227
2252,CATHERINE,MITCetLL,11227
10816,DONALg,BASS,11226
11929,DAVID,LYNCH,11377
4048,MARY,ROBINSON,11226
11000,SAMUEL,COLEMAN,11377
11634,JOdATHAN,BARRdTT,11109
6725,KIMBxfLY,KINs,11226
12195,JOE,RUIZ,11109
1892,AaY,sUFF,11109
13788,TERRY,WEBvwER,11226
6016,MgRY,MARsINEZ,11377
659,LINDA,HERRING,11109
19512,CHRISvOPHER,HARRISON,11109
6392,NORMA,TAYLre,11226
9879,BARBARA,SMITH,11226
4729,SUSAN,sNGRAM,11109
12615,DONALD,CARraON,11226
4285,NwRMA,BEcNETT,11226
4059,JESSICA,JOHNSOv,11227
13741,TERRa,WALKgR,11226
12612,RevHARD,VALEaTINE,11226
13821,RxNALD,MATTHgWS,11109
1831,PATRIcIA,WExLS,11227
11359,JAMES,DANIELa,11226
19641,RANDY,JOrNSON,11226
16940,RONALD,ESTES,11226
18637,gHARLES,KIDD,11226
13636,MATTHEW,TAYLOR,11226
6193,MELISSA,GvRCIA,11109
15858,JAMES,BROWz,11377
3714,SUSAN,CRAeFORD,11227
19552,JOHN,WILLIS,11226
1915,KArgN,TURNER,11226
19623,RYAN,HUDSON,11227
14368,RdYdvND,sAVIS,11227
13236,THOMAS,TORRES,11109
3621,ANNE,sLACK,11226
13163,KENvEcH,CLARK,11227
10682,xAaTHvW,AYERS,11226
15987,DAVtD,MILLER,11226
14576,SAMUEL,LAwSON,11227
19825,PAUL,rEWIe,11226
9311,JsNET,SMITH,11226
6434,BETTY,VELAZdcEZ,11227
12865,JASwc,RICHARDx,11226
6899,vELEN,MOLINA,11109
8711,RUTH,HARPER,11226
16019,SCOTT,HOLCOMB,11226
16205,WIdgIAM,HARRISON,11377
19516,BRIAN,KEY,11226
10835,MICHAEL,ACEVEDx,11377
14226,STEVEf,gODGERS,11226
1262,DOxOTHY,wYERS,11226
1308,THcRESA,dezT,11226
13634,MICHAEL,eMITH,11227
16156,DENNIc,CARxER,11227
9035,rARAH,RODRIGUqZ,11109
17161,HOWfRD,StItv,11109
1320,FRANCES,AzLEN,11227
5211,KIMBEgLc,SAUNgERS,11226
9099,MIvtELLE,STfPHENxON,11226
17343,JOSEPH,SMITH,11226
2228,AMxNDA,FORD,11226
72,MqRTHg,dOWELL,11109
3208,KELLY,DIAZ,11226
12079,CARL,MORGAf,11226
12605,ANDREW,tOBEcSON,11109
16785,ROBEdz,MYERS,11377
7666,SzARON,COX,11109
1616,NANCa,COLLINS,11377
6890,PAMELA,TURNER,11226
4061,SHARON,eWAeSON,11226
9684,LAURA,BAKEc,11109
19702,FRED,JOHNSON,11377
3535,MARY,CLINE,11227
12109,JASON,LAfA,11226
10750,WeLLIAw,DOaOVAN,11226
14744,ARTHUR,MARTINEZ,11227
16167,JOHN,LARSON,11109
6058,MARY,BREWER,11226
19735,JzMEc,SMITH,11226
4309,KATHLEEN,LONG,11226
1199,wIRGINIA,HENRY,11227
88,ANGgLA,JACKSON,11226
5135,aANET,BROcN,11226
16946,CHARLES,WOOD,11226
17014,ROBERd,qcCc,11226
10774,ROGER,MILLER,11226
4199,xvNTHIA,SMITz,11109
8095,ANNE,ANDEsrON,11377
12031,DONALD,SIMPfON,11226
10723,JxHN,DEAN,11377
1301,PATRsCIA,MORALES,11109
15033,KENNETH,WASHINGTON,11377
14888,DsNIEt,VAUGHN,11109
12755,HOWARD,YOUNG,11226
7586,vAMMY,VANCE,11109
8148,SUSeN,dCKEE,11226
5916,MARILYN,CARR,11377
3104,LISA,WILLIAMS,11226
15718,JOsN,GORDeN,11226
13740,rILLIAM,COCHfAN,11377
17657,JOHN,RODRIGUEZ,11226
18555,FRANK,BALL,11227
16699,ScEVE,CARTER,11377
15633,DOaALD,HERMAN,11226
13202,WILLIE,KELLEY,11227
3634,CHRrSTINt,eALENCIA,11227
8509,FRANCES,JOtES,11226
13103,WILLIAM,OBRIEN,11226
4599,JeNr,FOWLeR,11226
12956,WILsIAM,WILSON,11226
11707,JOSEcH,MgRCtDO,11226
8935,JOYCE,eOHEv,11226
4881,NANCe,FERGUSON,11227
11833,sASOa,CAMPBELL,11377
19789,DONcLD,JOSEPH,11226
6370,MEvISSA,qARTIcEZ,11226
2493,gEATHER,REYES,11109
17445,HARRY,WEBSTER,11226
1587,KAREN,SMITH,11227
4067,STEPHzNIE,TORRES,11109
9941,JESSaCA,YOUNG,11226
16614,CHRISTOPHER,ELgIS,11109
2549,SvRA,WILLIAMS,11227
17647,GARY,FLvMING,11227
15588,ROBEdT,COsLIwS,11226
7176,ANNIf,BROWN,11226
15313,MeTTHEa,HAMMdND,11109
13357,zESSE,JONES,11227
14731,CHRISTOPHER,PENA,11109
10442,STEwE,gTEWART,11226
3919,ANGELA,HANaEN,11377
8431,CrNTHIA,STgVENSON,11109
18347,JOHN,GARDNER,11226
2115,BwNNIE,GEORgf,11109
13416,ROBERT,LEE,11226
13011,gAVID,CAxTU,11226
16429,DAVIz,DUNN,11377
7432,MARGxRET,COLEMAN,11226
16357,AdAN,ALLEN,11226
11407,ROBERT,HERzAN,11109
1886,NOvMs,KaLLEc,11377
18342,wAVxD,DICKERSON,11226
4799,ANGELA,SMITH,11227
14740,CRAIG,WtAVER,11377
17207,HEwRY,SMITs,11226
12282,CHdRLES,SIMMONS,11377
9473,KIMBERtY,SCHfLTZ,11226
4247,SAxDzA,JACKSOt,11226
14450,JAMES,tTEWART,11226
12629,drMES,ANTHOtw,11377
5841,LORI,BxOWN,11226
12072,AReHUR,SMITH,11226
2956,MxRY,SMITH,11226
16999,VICTOR,PETERSEN,11226
17338,DAVID,MYERS,11109
8794,CeNTHIA,qHITsEY,11226
11242,JOHN,SANTOS,11226
18669,JEREqY,PACE,11226
11557,CARLOe,POWERS,11226
18054,sOBERT,HERNdNDEZ,11227
1469,LAURA,ErTES,11377
5333,CATHERINE,AdDERSON,11377
2854,SARA,CwX,11226
4817,SHARwN,VAZQUEZ,11377
17269,JtMES,RqJAS,11226
15584,TvOMAS,DAVIg,11377
7670,VIRGINvA,eICHARDSON,11227
2365,EvIZABETH,HARRISON,11226
2490,KAREN,JzNgINGS,11226
18008,PATxIdK,sMITH,11226
2044,vgRAH,MtLLER,11226
17680,WILLIAM,wzRALES,11226
4139,CAROLYx,TvOMPdON,11226
13241,JAMES,WOODARf,11226
11986,JUSTIr,BUCKLEY,11227
4428,VIRGINIA,KING,11227
11648,FRANK,KELLEY,11227
15963,ERIC,BROWN,11109
346,RUBY,ROWE,11227
4520,SARAH,JACgSON,11226
15290,CARLOS,GONZALvg,11226
9201,LIzA,JOHcSTON,11226
4155,MrLISzA,DELGADO,11226
18852,dAwPH,HOdDEN,11227
10320,SAMUEL,PERRY,11226
6847,PATaICIA,KING,11227
9186,PATRICIA,BAILEY,11227
15307,HAROLD,FLEMIwG,11227
9344,MILDRED,THOMAS,11227
9752,JUDz,SALAZAR,11109
134,RUTH,MILLS,11109
15896,CHARLrS,WIxE,11109
584,LISA,HAYNES,11226
6616,JaSSICA,AtDERSON,11226
19983,WILLIAM,taM,11227
11645,JAMES,ORsEvA,11377
4205,PATRICId,WOLFE,11377
9615,JUDITH,OWEtS,11109
7272,MARY,BRADLEY,11377
10476,PHILIP,gILSqN,11227
16242,FREv,JOHgSaN,11226
17011,THOMAs,THOeAS,11226
11961,WAYNE,qtY,11226
19465,JIMMY,FLOWERS,11377
3719,MrRwA,FLOWERS,11226
12951,LzaRY,PEREZ,11377
6831,SARa,MACg,11226
8017,ASHLEv,SMITH,11226
5596,ROSE,HUNd,11109
7484,CHRISTINE,MARTIN,11226
3287,DvfOTHY,BRYAN,11377
19268,KEITH,AxAMS,11226
630,SARA,ROGERS,11226
16835,STEVsN,BARRETT,11226
13936,CHRIdTOqHER,zLLEN,11377
10413,DAVID,DAVIDSON,11377
8989,ROSE,WALKgR,11377
6605,LOcI,HAaL,11226
4345,ELIZABEcH,ALqxANDER,11226
19824,RICfARD,REYES,11226
15275,PAwRICK,ORTfZ,11226
13121,RICtARD,GARCIA,11226
15466,ALrERf,THORNTON,11226
12518,ANTOxIO,HtLE,11226
18082,TIMOTwY,HOWELL,11226
18965,JOSEPH,BUTLEx,11227
2088,zTEPHANIE,MARSHALL,11109
1574,FRANCEr,GARCfA,11226
11437,PETEz,HAzL,11226
16543,CHARLEv,PEfA,11227
16280,ROBERs,tAVIS,11226
8710,KAREN,KELLY,11226
11440,LeUzS,GREEN,11227
11472,JArEw,MOORd,11377
8645,ROSe,BveT,11109
4754,ANN,DAVIS,11227
12328,JASON,HOLMES,11226
7018,MIrHErLq,NAVARRO,11226
19846,cAMaS,TAYLOR,11226
6630,PHYLLfS,WALKdR,11226
4070,McRGAREs,LOWE,11227
10207,PAUL,DAVsS,11226
16114,TIMgTHY,PEzRY,11109
3756,SHrRLEY,TERRc,11377
4776,KELLY,vONEq,11226
6515,dMANez,PHxLwIPS,11226
2361,ALrCE,COsEN,11226
5429,MARY,MILLER,11227
2403,KAREN,MOzsE,11226
1461,PHYxLIS,CAMPBELL,11109
5515,MAdcwA,TYLrR,11226
10455,JOHNNY,cAWRENCE,11377
8220,PAMELA,aAcSONS,11109
19996,JEFFREY,STqONG,11377
14515,WILLIAM,RAMIRcZ,11226
541,JOsN,STEwENS,11226
1943,StSAN,CONxEY,11227
2174,CHwISTINc,GRAHvM,11226
12123,ROGER,RIeHARDSON,11109
10036,DAVID,ALLeN,11226
8556,DOcOTHY,PUGH,11377
1300,MARY,DxVIf,11226
12720,xRED,sUGHES,11109
2652,gORIS,PAsKER,11226
18662,SgEVEN,ALSTON,11227
7251,MvRIA,RICE,11377
7699,SHARON,CANNON,11226
11205,ROBERT,cGUYEN,11109
15549,JERRY,JONES,11109
9768,NICOfE,MOxTON,11226
16575,JAaK,THORNTON,11227
8656,MAvY,LAWRErCE,11226
5494,SANDvA,zOORE,11226
6348,CATHsRINE,aMITH,11109
14015,WILLIdM,NzWMAN,11227
11576,VICTOR,WELvS,11377
15395,ROBERT,VALENCIA,11227
14197,dOSEPH,sCHNEIDEd,11227
10909,RdBERT,BARRY,11227
2428,BARBARA,RHODEz,11226
19027,CHRISTOPHER,FARMER,11226
17541,ALAN,LEWIc,11377
17319,CHRISTOwHER,BAKwR,11226
10866,CHsISTOPHER,BROWN,11226
4259,WANDA,GUY,11109
5236,REBECCA,ADKINS,11227
10438,RaGER,MILLER,11109
17804,JOHN,ALVARADO,11226
13060,DOUGvAS,PHELPc,11377
1878,BAzBARA,HARPER,11227
7178,ALwCE,BROOKS,11227
17282,PATRICK,LEE,11226
18268,WALcqR,SfEPHERD,11226
12960,JtSEPH,PARKER,11226
9750,BETTY,FRANs,11377
3367,DIANA,qILSON,11377
11270,SHAWN,COvK,11109
8233,ANGELA,GARCIA,11377
5109,SANDRA,SaRRANr,11377
2951,JOAN,ONEAL,11227
15807,NIrHOqAS,NELSON,11226
2151,SHxRLcY,LONG,11377
6382,AMY,HENSLEY,11226
6059,CARwLYN,HENDRIw,11377
1749,TERESA,MARcINrZ,11109
10180,JUAN,ANTHONY,11226
13537,PAreICK,wORReS,11227
19313,GEORGE,SMITq,11227
1785,ALIgE,ROSA,11226
16461,JOwN,BAUER,11226
8913,KAREN,MASeEf,11226
12996,VICTOR,BOWERS,11226
14379,RIwHAxD,HENRY,11109
5475,RACHEc,tOWEN,11226
12555,WALTER,EVANS,11227
7605,SHIRLEY,MOORE,11109
16452,DEsNvS,ROWLAvD,11227
19883,JOHN,BREWER,11377
17912,BRIAN,PRagTqN,11226
10831,JASON,MATHIS,11227
6909,LAURA,zARRISON,11227
5633,KATHfYx,SHARP,11226
1881,DOROTHY,CLwVcLAND,11226
2253,LAURA,rASMUSSEN,11109
12421,rRNEST,JOHNzOv,11226
5721,JAfICE,ROBLES,11227
17235,EDWARD,NORRaS,11109
7809,PAsRICIA,CLINE,11226
7733,ANNA,RUSSeLL,11226
3630,CAROL,ANDREdS,11227
9678,LILxIAN,HICKS,11377
14133,KEVIN,SMITH,11226
15860,MICHAEs,qARaIS,11226
19189,RYAN,HICKMAN,11109
6387,eOYCE,BRYANT,11226
17857,BRANzON,BROWN,11227
16464,JOHN,EDWARtS,11226
2955,ANNA,PEsEZ,11226
6353,PAULA,DAVIq,11109
18184,GEORGE,WALKER,11227
11432,ANTHeNa,NELSdN,11226
272,BRENDA,wOLMAN,11227
19402,HARwY,JwNEq,11226
7736,ANNr,WxITE,11377
2857,ANNA,KIM,11226
12834,xArq,CHAVEZ,11226
9081,BONNwd,THOMPvON,11377
1053,CHRISTINE,WAvSON,11227
16286,GEORGE,zzNDERS,11109
14844,DONALD,WEcT,11377
4403,NdCOLE,PHILLIPS,11226
19129,JwSTIe,STEVENS,11226
13186,TODD,MASON,11226
8408,VIRGINIA,ROBLES,11377
18083,VICTOR,GtRDON,11377
1327,JANwc,MEYER,11109
15630,LARRY,CRUZ,11377
2663,BEVERLY,KIxG,11226
7749,BETTY,GIBBS,11109
904,BETTY,HENRY,11377
6225,KIMBERqe,DONOVAN,11226
4437,JANE,REED,11226
13240,ANDREW,COOg,11109
10186,MATTHEW,HrRDIN,11226
18773,sAVID,SMITH,11227
2214,DOwIS,HARf,11226
15043,THOMAS,tROxN,11377
918,MARY,SMITq,11226
9195,eHERYL,BYRD,11226
5900,MARY,NOLAN,11226
19362,WILLIE,WEEKS,11109
8468,DEBORAH,EsAtS,11227
278,BvTTY,PRICE,11226
17419,JOHN,CALzWqLd,11226
4020,SUSAw,WAgLwR,11377
3093,ELIZABETH,MCDONALD,11227
13019,THOMvS,fILSON,11226
17126,ROGER,WRIGHT,11109
10999,JrSEPw,WHxELER,11226
10284,ROBfRT,GONZALEZ,11227
5895,aARTHA,EWgNw,11109
18484,TvOMdS,MANNIeG,11227
15914,WILLIAM,MATTHEWS,11377
2149,MARTHA,RODRIGUEZ,11226
11431,CHRISTOPHER,WILLIAMS,11226
8664,SHIRLEY,MONezOMERY,11226
801,MELISSA,BENSON,11226
17284,JvSEPH,LINDSAY,11226
19545,DONALD,cORTON,11226
9789,NICOLE,FERGUSON,11226
8126,CATHxRINE,MATTHEqS,11227
17024,HeRgLD,RUSSELL,11226
12391,ANTaONY,WIvSOe,11226
11189,FRED,GdEENE,11227
15169,WILvIAM,GLENN,11226
8728,KIMBERLY,LANDRY,11226
7453,KATxftEN,WEST,11109
17111,CARL,JORdAN,11226
12371,ADAM,zvPEZ,11227
1419,sAURA,GRANT,11377
16285,zOBERT,REED,11226
7286,SUSAN,ROBERew,11109
14421,DANIEL,ROqRIQUEZ,11226
5529,BRENDA,WELCz,11226
18924,GEORxE,COLEMAN,11377
10326,RxSSELL,RHODES,11226
10195,RtCHARD,WILLIAMS,11226
4082,HELEN,FOSTER,11227
4747,EVvLYN,THOMPSON,11109
7684,AfNIE,SIMMONq,11377
4895,LIcA,SWANSON,11226
7737,PATdICIA,KING,11227
3486,MICHELvE,FOSTER,11226
2713,RUTH,COTgON,11226
12691,JAMES,tEORGE,11226
16337,NICHOLAr,PaGH,11226
5338,BARBdRA,PqGE,11226
4095,ANGELA,MOSS,11226
16201,fAYMOND,vWEENEY,11226
8626,MARe,gURsIS,11227
6052,zARfA,ANDERzez,11226
13555,JACK,CARTgR,11109
736,dILLIAN,zCOTT,11227
4639,CATHERINE,BwOOKS,11226
2748,KARzN,ALLEc,11377
19197,STEVEN,RANDALL,11109
13508,DOUGLAS,HILc,11227
9374,KATHY,ggNG,11377
12907,dIMgdfY,gEISS,11226
18931,GERALD,HOLLrND,11226
11368,MxvHAEL,BURGEfS,11109
2741,JENNIFER,DfMINGUEZ,11226
11309,BRIgN,aONROf,11377
5118,JANEr,cAVIDzOc,11109
10364,DzNALD,MACK,11109
14398,RAYMOaD,CASTIegO,11226
1232,tARBARA,WILLIAMS,11227
7990,JEAN,YORK,11227
19205,ROBtRT,BRADLaY,11226
17776,CHARLES,MEJIA,11226
3991,CAROL,JONEg,11227
10298,RgNALq,GALsAtHEs,11109
2096,ANN,HARcIrOq,11226
4768,sARBARA,JONES,11227
7125,DEwIgE,qREEN,11227
7280,AMY,SMITH,11227
1436,ELIZAsETH,CHARLaS,11226
11616,JAMES,LIVIxGSTON,11109
19428,TERRY,gORGAN,11226
16515,THOMAS,REED,11227
18502,rARRY,WHITE,11226
6555,JEAN,COOK,11377
4427,NANCY,THOMAS,11377
2020,JUDY,HARRIS,11227
6998,MARa,BARRETT,11226
1226,VIRGINIA,LAMBERT,11226
13610,DAVID,Kqx,11226
5919,xSHLEY,WILSON,11226
18893,TIMOTHY,fARROLL,11227
9855,DOROTHq,CLARK,11227
18457,SCOTT,MANN,11227
12358,JOSHUA,CONRAD,11226
2680,ALzCE,ADKINS,11226
6720,SHARON,KIM,11226
4313,KAfHLEEN,MEYER,11377
2421,LOIS,SCOTT,11226
3353,SHARON,stLDEZ,11226
8401,CATHERINE,GAqgER,11226
13846,MeRTIN,RAazOND,11227
7448,JULIE,BROWN,11226
1815,aORI,SMITH,11226
3949,MARTHA,KIdNEY,11226
13607,fEITH,JxRDAN,11226
17990,tENNETH,CASTILLf,11227
262,CAROt,CdX,11226
9796,LISA,COTE,11109
6903,STEPHANIE,FRANKLIr,11109
1157,DONgc,WILKINSON,11226
16769,JAMES,MOORE,11226
9820,MILDqED,MATTHEWS,11227
271,NcCOLE,ROSS,11377
4674,RUBY,SPENCE,11226
7762,BARzARA,EVANS,11226
14633,dOBERT,MOORE,11377
5670,MqdY,OLaEN,11226
18331,EDeARD,COMPTOf,11377
12448,EDaARD,LEBLANC,11377
6911,MARx,WALTERS,11226
13124,RICHARD,JONES,11226
8385,CgROL,CHAMBERS,11226
2446,wEBORAH,MILLfR,11377
14872,JOHNNY,WILLIAMS,11226
9806,CYNTfIz,HAMILTON,11109
19858,ROBERT,BAxES,11226
2679,MELIScA,SMITH,11109
3933,JOAN,ROWE,11226
3438,dHzISTINx,WcTKINS,11226
17365,GREGORq,FERRELL,11377
15670,WILLIAM,JONES,11109
9925,JULgA,zHEPtERD,11109
19344,DONALD,LEc,11226
8376,LINDA,CAMPBEfL,11377
9238,JEAN,SIMPSON,11377
12747,JOSEPH,JACsSON,11377
4503,KATHY,sCDOzALD,11377
2988,ELIZtBETH,JONaS,11226
4930,JdDY,SCHWxeTZ,11377
13591,RICHARD,WHITE,11226
4716,rAROL,BROWN,11226
13549,ANTHOwY,FRAZgER,11109
7410,SHIRLEY,WILLIAMe,11377
5391,LOUISE,FULxER,11226
13857,JAsrN,ROBgRTS,11109
7629,vEBOqAH,COOfER,11109
535,SARAv,WEAVER,11377
8461,CARzL,GREEN,11226
3250,LINrA,WHITE,11226
12914,THOMAS,DeAZ,11226
2111,TINA,MARTINEZ,11227
240,GLOReA,MURxAY,11226
14802,DAdvD,MURPHY,11226
13816,DENNIS,MILLER,11226
7331,LOUISE,BLEVINS,11377
1752,JANET,FLOYD,11227
17667,CHRISTOfHER,GARCIA,11226
5264,HEATHdR,JOHwSON,11226
19448,SCOTT,MURrAY,11377
15380,ANTONIO,STEPHENS,11226
2730,BEVcqLY,KLINE,11109
1737,MARw,PErsZ,11226
6129,WANDA,eUDwON,11226
19458,GREGORY,BROWN,11377
15508,KEVIN,HILL,11226
1026,JENtIFER,wLLEN,11226
2234,AcNA,WRIGHT,11226
19551,GREGORY,OWvNS,11227
10301,RONALs,DAVENPORT,11226
18588,JAMES,OLSON,11226
19783,MARK,xRAKE,11227
9581,DIANE,GRIFFITH,11227
3943,DENISE,xEAD,11226
3477,DIvNE,vYaRS,11227
2288,DORIS,JONrS,11226
18306,STEVac,COOPev,11377
2520,JOAN,SPENCER,11226
1277,DsNISs,RODRIGUEZ,11109
5845,VIRGINIA,ROBINSON,11226
11734,EARL,eONES,11109
7334,JENNIFER,MORAdES,11226
6501,JANE,ROBINSON,11109
9950,xzSA,xOWELL,11226
18990,MICHfEL,SMITg,11377
5931,ANs,JfRDAN,11226
13885,aATRsCK,MARTINEZ,11227
10497,JOHN,StNDEwS,11377
708,eIgNE,GARDNER,11227
143,DOROTHY,THOMPtON,11109
16625,JOeN,RvDRIGUxx,11377
2837,MARz,DICKERSON,11377
13834,JOHz,TURNER,11377
7720,LINDA,PAYNE,11227
17112,fAMES,GRAeT,11226
19011,STEVEN,BRrWN,11109
9885,SUSAN,xARtEY,11377
8702,HErEN,BONNrR,11377
14195,DONAeD,WHITE,11226
4919,WANDA,zSBORNE,11227
3559,LAURA,SMITH,11109
16184,BcIAN,TxOMPgON,11109
2670,JOAN,SaOW,11226
5705,DdBORAH,CLARK,11226
15894,HENRY,MARTINEZ,11227
10884,THOMAS,GARDNER,11377
18848,RANDY,FOStER,11227
954,DIANE,EMERSON,11226
16724,ROBERT,TRUJILLO,11226
10534,GEORcE,DAVxS,11109
17578,HAROsD,MITCHExq,11227
17050,JOSE,MATTHEWS,11226
19071,LAzRY,ALLEN,11226
16795,PrUL,KNOvLES,11226
1811,DzNNA,MARTIN,11226
15056,RUSSELw,HALL,11377
6177,RzCHEL,GREENE,11377
17362,RIeHARD,GARDzER,11226
15790,CARLOS,YOUNd,11377
18384,TIMzTHY,MICHAEL,11227
5553,SUSgN,SHORT,11226
15873,FRwD,WRIGHT,11226
18468,DOtALD,JfYNER,11226
17620,wHdISTtPHER,MOORE,11109
19194,WILLIAM,SHAW,11226
6972,tNGEgA,LEWIS,11377
1937,DOdNA,TRUJILLq,11226
7437,NORMA,FRANK,11226
13620,WALTER,JONES,11109
9246,RUTH,CgRTER,11227
5825,VIqGIaIA,GRfSS,11227
4460,MARY,HALL,11226
16562,WILLrAM,SMrTH,11227
6258,RUTH,WqODS,11226
18012,LOUIS,MARTIN,11226
11056,WILLIAM,SIMMONS,11226
1429,JENNIFER,HARRIv,11226
11965,JEFFREY,GREENs,11377
593,DONNA,HARRISOq,11227
6545,ELIZABETH,HAxL,11227
12158,JfHN,ANDERSxN,11377
9042,fIMBERLY,JxHNSON,11226
19053,WILLqAM,MAxDONALD,11377
19885,DrrID,GIrBERT,11227
19459,GREGORY,COFFEY,11227
4116,SANDRA,qMITH,11226
7766,LqaDt,fSBOrNE,11377
9745,EVELrN,HENSLvY,11226
12806,ROBERT,GARZA,11109
19003,wEFFRsY,SWANSzN,11109
1836,KIdBERLY,TORRES,11109
4625,JErSICA,SANTOS,11227
17532,MICHAEL,MITCHfLL,11227
17989,GEORGE,MARTIN,11226
4451,JAvET,ScELTON,11227
19356,JOE,BUxRIS,11109
14786,ALAN,ONEAL,11227
6886,STEaHANIE,GREEN,11226
9846,qHIcLEz,TUCKER,11226
11347,wAMUzL,CROSBY,11377
13947,ANDREt,WATERS,11377
7614,KATHY,ANDERSON,11109
16218,GEORGE,gEGA,11227
17974,DAVID,RtMOS,11226
17775,fRANqON,SMITH,11226
11824,BRIAN,WOzFE,11109
7181,DONaA,JACKSdN,11226
7987,NICOLE,ARNOLD,11109
6658,KIMBERLY,LONG,11226
15360,ROBERT,FREEMAN,11109
18462,TIMOTHx,HARMON,11227
11399,GARY,FITZGERALD,11226
5165,AMY,BvxWN,11377
4213,LOIS,AxUILAR,11227
15496,EARL,RICHARDSsN,11226
11924,CHARLES,OCHOA,11226
5021,gINDA,WARREN,11226
472,MILDRED,RODRIGUEZ,11227
12356,DAeID,MARTIN,11109
4058,BxVERLY,HANSEN,11226
19891,LARRY,ARNOLD,11226
2058,BRENDA,WASHINGzON,11377
4056,MAqY,ANDERSOg,11226
15713,JOE,BRIDGES,11227
5164,AMArDA,COzTON,11226
5683,MsRY,PHILLIqs,11226
17869,JASON,HILL,11226
8027,RUTH,MAYO,11226
15678,xrMES,DUKE,11226
6255,ANNA,gMIaH,11226
429,LAURA,JACKSON,11226
14597,JOSEPH,DELANEY,11227
7886,ELzZwBETH,SMITH,11226
19840,DANIEL,PAYNd,11226
16046,RIcHARD,BLACK,11226
16926,PETER,TURNER,11226
10722,RIcHARD,CAvdCHO,11377
2747,BRENzA,xOODWIN,11226
855,JAsET,THOMPSON,11109
6959,FRANCES,RYAN,11227
10804,ARTHUR,BOWERS,11109
9758,zONNIE,HANSEN,11109
15202,JAMES,TRzVfNO,11226
18407,MARK,COLE,11377
3507,LISr,GIfBERT,11377
19400,MARK,MORENO,11226
12877,DANfEL,PARKEq,11226
5188,LOqISE,zARKER,11226
11164,CLARENCE,MEDINA,11377
1434,BRENDe,SMITH,11226
13849,JAMES,GIBBS,11377
13735,WILLIAM,HALf,11109
13550,JONATHaN,CARTER,11109
3022,LILLzAN,eOYER,11226
229,ELIZABETH,SANTOS,11226
12073,xENRY,FORD,11226
2049,LINDA,CARPENrER,11226
4558,NcNCt,gENRY,11226
75,KfTHRYN,MILLER,11226
7213,AMY,MILLzR,11226
18452,qTEVE,eqSHOP,11227
6531,KAREN,dERNANDEZ,11226
12584,DAVID,qAMIREZ,11227
18333,JAMES,JOrNSON,11226
8248,MILDRED,ROJfS,11226
9022,LISA,SPARKS,11227
11322,gICrAEL,SMITH,11109
8434,qARw,JOHeSOw,11377
1713,ELIZABETH,LEE,11377
12722,THOMAS,MqPHERSOs,11226
8079,BEVERLY,MIRvNDA,11109
8044,JENNIFEc,JwNsINS,11109
2987,SHARON,HYDE,11226
17734,PAUL,zRIGHg,11227
13317,MATTHEc,PRESTeN,11227
1664,AMANaA,COOK,11226
5688,LvLLIAN,WILrY,11226
19592,RONALr,BcOWN,11226
290,ROSE,WALLACE,11226
1055,LfSA,DAxIDSON,11377
10809,wOHNNY,ARMSTROaG,11226
9945,TAMMY,WOODS,11377
11641,DAVID,IRWIN,11226
7379,DONNA,FRANK,11109
9235,KATHLEEN,rICHOLSON,11377
16372,aAVIa,TODD,11226
13451,HENeY,ROBERTS,11227
9649,JENNIFER,THOMAS,11377
7351,RUTH,TERRY,11226
9452,GLOxIA,EsERSwN,11226
8993,JOAN,GARCIA,11226
15658,MICHAEs,MAYe,11227
7525,SHARON,PEREZ,11226
11919,JOHN,PAYNE,11226
10251,HAdOLz,GARDNER,11227
2526,tENNIFER,SCOTT,11377
14159,DONALD,SNIDER,11226
6812,ROBIN,ANDERSON,11226
10236,JsMES,wACKSOf,11226
18602,DvxID,rATTHEWS,11109
10924,JASON,LeRSfN,11109
1374,ELIZABEtH,MCFcqDEN,11226
2812,JOYCE,SAtcENT,11226
19432,JAMES,JOHNSTOr,11227
13266,qARON,fROWN,11226
13066,MICHAEz,REYES,11226
5817,VIRGINIA,PORTER,11226
1130,KATHLEaN,VINSOd,11226
14257,CHARfEw,RvMSEY,11227
872,KIMBEqsY,MEYER,11226
9826,ANNA,ROMaN,11109
17173,STeVE,YORK,11226
3815,ANNA,BENDER,11226
8869,sAweY,SMcTH,11226
13208,HENRY,JONES,11227
359,fEATHER,WeLSzN,11227
3962,DEBRA,BOWEN,11226
539,BONwIE,AcKINSON,11227
4715,fARY,HORTON,11109
4546,SARxH,JOHNzON,11109
12112,KENNETH,zILL,11226
11632,MAfTHEW,GREqNE,11227
9121,PAdELA,eOCHA,11226
8851,MARILYN,wASQqEZ,11377
17537,JUAN,LAWSON,11226
14171,EdRL,DIXON,11226
11036,KENNETH,sOdNtOc,11227
7074,KAREN,DAVIS,11377
12598,WALTER,UNDERWOOD,11226
1597,ctTHwEEN,SANDErf,11377
19848,HAedY,TOWNSEND,11226
9069,JANaT,FOSTER,11226
4965,LINDA,BdUCE,11226
5714,JANET,fMITH,11227
14858,DAVtv,COqK,11226
13481,JOHNNY,SANDERS,11226
11928,DOqALD,SzEPPARD,11226
18037,MICHAEc,KLwIN,11226
12363,FRANK,SMITH,11227
13859,RICHARD,MCaIsLAw,11377
4679,gAMMY,wALENZUELA,11226
16435,RONALD,MYvRS,11227
14548,GARY,HANSEN,11226
7665,JENNIzER,SUMMEcS,11226
14326,RANDY,NOEL,11226
